<?xml version='1.0' encoding='ISO-8859-1'?>
<validator onerror="/action/error/validation/alert">
	<parameter id='smn_documento_id' type='integer' required='false' label='${lbl:b_document}' maxlen='10'/>
		<parameter id='smn_entidades_rf' type='integer' required='false' label='${lbl:b_entities}' maxlen='10'/>
	<parameter id='smn_sucursales_rf' type='integer' required='false' label='${lbl:b_subsidiaries}' maxlen='10'/>
	<parameter id='smn_areas_servicios_rf' type='integer' required='false' label='${lbl:b_service_area}' maxlen='10'/>
	<parameter id='smn_unidades_servicios_rf' type='integer' required='false' label='${lbl:b_service_units}' maxlen='10'/>
	<parameter id='igs_ticket' type='integer' required='false' label='${lbl:b_num_ticket}' maxlen='10'/>
	<parameter id='smn_clase_rf' type='integer' required='false' label='${lbl:b_auxiliary_class_pa}' maxlen='10'/>
	<parameter id='smn_auxiliar_rf' type='integer' required='false' label='${lbl:b_auxiliary_pa}' maxlen='10'/>
	<parameter id='cts_clase_ord_rf' type='integer' required='false' label='${lbl:b_auxiliary_class_pa}' maxlen='10'/>

	<parameter id='smn_contratante_id' type='integer' required='false' label='${lbl:b_contratante_aux}' maxlen='10'/>
	<parameter id='smn_auxiliar_sucursales_rf' type='integer' required='false' label='${lbl:b_aux_suc}' maxlen='10'/>
	<parameter id='smn_auxiliar_areas_servicios_rf' type='integer' required='false' label='${lbl:b_cont_area}' maxlen='10'/>
	<parameter id='smn_auxilia_unidad_servicio_rf' type='integer' required='false' label='${lbl:b_cont_uni_serv}' maxlen='10'/>
	<parameter id='igs_monto_moneda_local' type='double' required='false' label='${lbl:b_monto_mop}' maxlen='10'/>
	<parameter id='smn_moneda_rf' type='integer' required='false' label='${lbl:b_mon_alt}' maxlen='10'/>
	<parameter id='igs_monto_moneda_alterna' type='integer' required='false' label='${lbl:b_mon_mon_alt}' maxlen='10'/>
	<parameter id="id_ingreso" type="integer" required="true" label="ID" maxlen="10" />

	<parameter id='smn_servicios_rf' type='integer' required='false' label='${lbl:b_service}' maxlen='10'/>
	<parameter id='inm_cantidad' type='integer' required='false' label='${lbl:b_component}' maxlen='10'/>
	<parameter id='inm_precio_ml' type='double' required='false' label='Precio Moneda Local' maxlen='40'/>
	<parameter id='prd_cantidad' type='integer' required='false' label='${lbl:b_component}' maxlen='10'/>
	<parameter id='precio' type='double' required='false' label='Precio Moneda Local' maxlen='40'/>
	<parameter id='precio_ma' type='double' required='false' label='Precio Moneda Alterna' maxlen='40'/>
	<parameter id='smn_moneda_rf' type='integer' required='false' label='${lbl:b_coin}' maxlen='10'/>
	<parameter id='inm_precio_ma' type='double' required='false' label='Precio Moneda Alterna' maxlen='10'/>
	<parameter id='inm_monto_ml' type='double' required='false' label='Monto Moneda Local' maxlen='10'/>
	<parameter id='inm_monto_ma' type='double' required='false' label='Monto Moneda Alterna' maxlen='10'/>
	<parameter id='prd_monto_moneda_local' type='double' required='false' label='Monto Moneda Alterna' maxlen='10'/>
	<parameter id='smn_componentes_rf' type='integer' required='false' label='${lbl:b_service}' maxlen='10'/>
	<parameter id='smn_item_rf' type='integer' required='false' label='${lbl:b_service}' maxlen='10'/>
	<parameter id='smn_tipo_componentes_rf' type='integer' required='false' label='${lbl:b_service}' maxlen='10'/>
	
	<parameter id='smn_ingresos_id' type='integer' required='false' label='ID INGRESO' maxlen='10'/>
	<parameter id='smn_auxiliar_prest_rf' type='integer' required='false' label='${lbl:b_service}' maxlen='10'/>
	
	<parameter id='cmp_porcentaje' type='double' required='false' label='${lbl:b_auxiliary_class_pa}' maxlen='10'/>
	<parameter id='smn_forma_calculo_rf' type='varchar' required='false' label='${lbl:b_auxiliary_class_pa}' maxlen='2'/>
	<parameter id='smn_tipo_componente' type='varchar' required='false' label='${lbl:b_auxiliary_class_pa}' maxlen='2'/>
	<parameter id='smn_grupo_prestador_rf' type='integer' required='false' label='${lbl:b_auxiliary_class_pa}' maxlen='10'/>
	<parameter id='smn_visible_rf' type='varchar' required='false' label='${lbl:b_auxiliary_class_pa}' maxlen='2'/>

</validator>
