<?xml version='1.0' encoding='ISO-8859-1'?>
<validator id='repgen.filter' onerror='/action/error/validation/ajax'>

	<parameter id='fdesde' type='date' required='false' label='Fecha desde'/>
	<parameter id='fhasta' type='date' required='false' label='Fecha hasta'/>
	
	<parameter id='smn_ingresos_id_name' type='varchar' required='false' label='${lbl:b_income}'/>
	<parameter id='smn_ingresos_id' type='integer' required='false' label='${lbl:b_income}' maxlen='10'/>
	<parameter id='smn_clase_auxiliar_rf' type='integer' required='false' label='${lbl:b_auxiliary_class}' maxlen='10'/>
	<parameter id='smn_auxiliar_rf' type='integer' required='false' label='${lbl:b_auxiliary}' maxlen='10'/>
	<parameter id='dia_estatus' type='varchar' required='false' label='${lbl:b_status}' maxlen='2'/>

	<custom-validator
		classname='dinamica.validators.SQLPatternTransformer'
		parameter='smn_ingresos_id_name'
		rule='contains' />

	<custom-validator
		classname='dinamica.validators.SQLPatternTransformer'
		parameter='dia_estatus'
		rule='contains' />



	<custom-validator
			classname='dinamica.validators.ArrayNotEmptyValidator'
			on-error-label='Seleccione al menos un campo para la generaci�n del reporte.'
			parameter-name='field_id' 
			id='field_id' />

	<custom-validator 
			classname='dinamica.validators.ArrayToRecordset'
			paramName='field_id' 
			recordsetId='fields' 
			colName='field_id' 
			colType='integer' />
				
</validator>
